sale_id,settlement_date,asset,btc_sold,usd_per_btc,usd_received,status
SALE-2026-01,2026-01-31,BTC,3,100000,300000,SETTLED
SALE-2026-02,2026-02-28,BTC,3,100000,300000,SETTLED
SALE-2026-03,2026-03-31,BTC,4,100000,400000,SETTLED
SALE-2026-04,2026-04-30,BTC,3,100000,300000,SETTLED
SALE-2026-05,2026-05-31,BTC,4,100000,400000,SETTLED
SALE-2026-06,2026-06-30,BTC,5,100000,500000,SETTLED
SALE-2026-07,2026-07-31,BTC,4,100000,400000,SETTLED
SALE-2026-08,2026-08-31,BTC,4,100000,400000,SETTLED
SALE-2026-09,2026-09-30,BTC,5,100000,500000,SETTLED
